-- Customers
use `h1gtfw3uuuyktywj`;
insert into `customers` (`name`, `address`, `email`, `phone`, `password`) values 
('anonymous', 'Street', 'email@email.com', '5555555555', '$2a$10$aMk9VEsdwFZLdW.F7bhkPetkWHfh1nf8Y/eoNBghK8Dd76PadrsmC'),
('Rutvik Patel', '482 Kindle Rd, DeKalb, IL, 60115', 'rutvik503@gmail.com', '2248069761', '$2a$10$aMk9VEsdwFZLdW.F7bhkPetkWHfh1nf8Y/eoNBghK8Dd76PadrsmC'),
('Hardik Patel', '389 Boty Circle APT 1, Hoffman Estates, IL, 60169', 'hardikpatel123@gmail.com', '8476738923', '$2a$10$aMk9VEsdwFZLdW.F7bhkPetkWHfh1nf8Y/eoNBghK8Dd76PadrsmC'),
('Kavan Patel', '5729 Anibleed Rd, Elgin, IL, 60120', 'kvn195@gmail.com', '2249021100', '$2a$10$aMk9VEsdwFZLdW.F7bhkPetkWHfh1nf8Y/eoNBghK8Dd76PadrsmC');

-- Employees/Workers
insert into `workers` (`password`, `name`, `is_admin`, `pay_rate`, `department`, `email`) values
('$2a$10$aMk9VEsdwFZLdW.F7bhkPetkWHfh1nf8Y/eoNBghK8Dd76PadrsmC', 'Noah Rix', 1, 30.70, 'Operations', 'nrix@gmail.com'),
('$2a$10$aMk9VEsdwFZLdW.F7bhkPetkWHfh1nf8Y/eoNBghK8Dd76PadrsmC', 'James Smith', 0, 14.50, 'Loading Dock', 'jsmith@gmail.com'),
('$2a$10$aMk9VEsdwFZLdW.F7bhkPetkWHfh1nf8Y/eoNBghK8Dd76PadrsmC', 'Jennifer Doe', 0, 17.95, 'Packing', 'jdoe@gmail.com');

-- Shipping information
insert into `shipping_information` (`type`, `cost`) values 
('Free', 0),
('Economy', 5.99),
('Premium', 9.99),
('Industrial', 99.99),
('Commercial', 499.99);

-- Orders
insert into `orders` values
(1,'2021-03-29 00:21:05',0,0,'blah',8.25,5.99,493.94,5,'430 russell rd apt 5','430 russell rd apt 5',1,1),
(2,'2021-02-14 17:15:25',1,1,'blah',7.10,9.99,294.23,3,'307 sutherland ln','307 sutherland ln',2,1),
(3,'2021-01-26 08:36:50',0,1,'blah',8.99,10.49,483.97,7,'431 russell rd apt 6','431 russell rd apt 6',3,1),
(4,'2021-04-03 00:03:05',1,1,'Gary Jackson 6011 1234 4321 1234 12/2024',7.25,5.99,857.44,54,'430 russell rd apt 5','430 russell rd apt 5',1,1),
(5,'2021-04-12 21:10:14',0,0,'Peter Smith 6011 1234 4321 1234 12/2024',1264.25,499.99,18120.96,90,'1234 Street','1234 Street',1,1),
(6,'2021-04-12 21:11:33',0,0,'Jimmy Jones 6011 1234 4321 1234 12/2024',1226.75,0.00,17583.47,90,'456 Anderson Road','456 Anderson Road',1,1),
(7,'2021-04-12 21:36:01',0,0,'Tom Sanders 6011 1234 4321 1234 12/2024',1226.75,0.00,17583.47,90,'111 Broadway Street','111 Broadway Street',1,1),
(8,'2021-04-13 00:08:07',0,0,'Nevaeh Lewis 6011 1234 4321 1234 12/2024',3731.08,0.00,53478.81,802,'Tuam Street 2031 Auckland New Zealand ','Tuam Street 2031 Auckland New Zealand ',1,1),
(9,'2021-04-13 00:08:17',0,0,'Vildan ├ûrge 6011 1234 4321 1234 12/2024',3111.48,0.00,44597.87,740,'Kushimoto Sk 2600 Antalya Turkey ','Kushimoto Sk 2600 Antalya Turkey ',1,1),
(10,'2021-04-13 00:08:32',0,0,'Marija Scheibel 6011 1234 4321 1234 12/2024',4000.56,0.00,57341.38,933,'Industriestra├ƒe 1860 Burg Stargard Germany ','Industriestra├ƒe 1860 Burg Stargard Germany ',1,1),
(11,'2021-04-13 00:08:41',0,0,'Kasper Wallo 6011 1234 4321 1234 12/2024',2209.14,0.00,31664.31,790,'Hatanp├ñ├ñn Valtatie 6487 Espoo Finland ','Hatanp├ñ├ñn Valtatie 6487 Espoo Finland ',1,1),
(12,'2021-04-13 00:08:53',0,0,'Ryan Legrand 6011 1234 4321 1234 12/2024',3464.46,0.00,49657.20,710,'Rue Saint-Georges 1660 Dunkerque France ','Rue Saint-Georges 1660 Dunkerque France ',1,1),
(13,'2021-04-13 00:09:01',0,0,'Ceyhan Ko├ºo─ƒlu 6011 1234 4321 1234 12/2024',1850.83,0.00,26528.52,458,'Vatan Cd 166 Manisa Turkey ','Vatan Cd 166 Manisa Turkey ',1,1),
(14,'2021-04-13 00:09:06',0,0,'Storm Larsen 6011 1234 4321 1234 12/2024',2417.94,0.00,34657.11,503,'Alleen 3168 Ugerl├╕se Denmark ','Alleen 3168 Ugerl├╕se Denmark ',1,1),
(15,'2021-04-13 00:09:09',0,0,'Rudy Kemmeren 6011 1234 4321 1234 12/2024',7099.25,0.00,101755.86,593,'H. Hartplein 3941 Helvoirt Netherlands ','H. Hartplein 3941 Helvoirt Netherlands ',1,1),
(16,'2021-04-13 00:09:13',0,0,'Lena Meyer 6011 1234 4321 1234 12/2024',2293.03,0.00,32866.74,502,'Rue Abel 7166 Aix-En-Provence France ','Rue Abel 7166 Aix-En-Provence France ',1,1),
(17,'2021-04-13 00:09:19',0,0,'Susanne Berry 6011 1234 4321 1234 12/2024',3364.67,0.00,48226.91,690,'Mill Lane 4799 Blessington Ireland ','Mill Lane 4799 Blessington Ireland ',1,1),
(18,'2021-04-13 00:09:22',0,0,'Isabel Vicente 6011 1234 4321 1234 12/2024',1768.57,0.00,25349.50,411,'Calle de Segovia 5123 Valladolid Spain ','Calle de Segovia 5123 Valladolid Spain ',1,1),
(19,'2021-04-13 00:09:30',0,0,'Ted Jones 6011 1234 4321 1234 12/2024',3915.39,0.00,56120.58,870,'Park Road 4221 Ballina Ireland ','Park Road 4221 Ballina Ireland ',1,1),
(20,'2021-04-13 00:09:34',0,0,'Alice Patel 6011 1234 4321 1234 12/2024',7933.50,0.00,113713.54,952,'Tweed Street 3064 Hamilton New Zealand ','Tweed Street 3064 Hamilton New Zealand ',1,1),
(21,'2021-04-13 00:09:49',0,0,'Meire Almeida 6011 1234 4321 1234 12/2024',3725.04,0.00,53392.23,959,'Rua Dezesseis de Maio 7030 Sinop Brazil ','Rua Dezesseis de Maio 7030 Sinop Brazil ',1,1),
(22,'2021-04-13 00:10:05',0,0,'Emma Campbell 6011 1234 4321 1234 12/2024',3744.94,0.00,53677.46,781,'York St 9057 Russell Canada ','York St 9057 Russell Canada ',1,1),
(23,'2021-04-13 00:10:11',0,0,'Tyson Nieuwstraten 6011 1234 4321 1234 12/2024',6844.83,0.00,98109.17,618,'Bosweer 1557 Sandfirden Netherlands ','Bosweer 1557 Sandfirden Netherlands ',1,1),
(24,'2021-04-13 00:10:16',0,0,'Caroline Johnson 6011 1234 4321 1234 12/2024',2441.38,0.00,34993.08,642,'The Grove 3759 Dunboyne Ireland ','The Grove 3759 Dunboyne Ireland ',1,1);

-- Order Items
insert into `order_items` (`order_id`, `part_id`, `quantity`) values 
(1,1,1),
(1,2,2),
(1,3,5),
(1,4,37),
(2,106,3),
(2,107,9),
(2,108,10),
(3,145,1),
(3,146,2),
(3,147,7),
(3,148,16),
(3,149,168),
(5,1,3),
(5,2,10),
(5,3,12),
(5,4,34),
(5,5,31),
(6,1,3),
(6,2,10),
(6,3,12),
(6,4,34),
(6,5,31),
(7,1,3),
(7,2,10),
(7,3,12),
(7,4,34),
(7,5,31),
(8,10,32),
(8,25,38),
(8,28,63),
(8,43,71),
(8,47,14),
(8,55,93),
(8,70,52),
(8,80,90),
(8,85,64),
(8,97,3),
(8,104,26),
(8,107,21),
(8,112,83),
(8,113,26),
(8,116,15),
(8,117,40),
(8,120,71),
(9,22,57),
(9,27,16),
(9,40,16),
(9,47,71),
(9,70,60),
(9,82,63),
(9,85,52),
(9,93,12),
(9,95,68),
(9,98,60),
(9,105,53),
(9,108,69),
(9,114,64),
(9,117,20),
(9,125,58),
(9,132,1),
(10,8,18),
(10,15,39),
(10,21,44),
(10,26,15),
(10,42,72),
(10,45,58),
(10,71,61),
(10,73,12),
(10,75,35),
(10,93,72),
(10,96,81),
(10,119,57),
(10,123,66),
(10,126,80),
(10,135,33),
(10,136,55),
(10,140,48),
(10,142,87),
(11,11,65),
(11,13,79),
(11,19,30),
(11,21,81),
(11,27,61),
(11,43,11),
(11,50,38),
(11,57,86),
(11,64,13),
(11,69,74),
(11,72,22),
(11,75,64),
(11,76,7),
(11,110,59),
(11,127,43),
(11,130,57),
(12,9,72),
(12,14,82),
(12,30,21),
(12,47,50),
(12,53,4),
(12,56,9),
(12,59,66),
(12,66,37),
(12,72,35),
(12,77,47),
(12,83,11),
(12,96,28),
(12,118,77),
(12,120,55),
(12,135,42),
(12,138,74),
(13,5,5),
(13,10,16),
(13,13,66),
(13,14,58),
(13,45,44),
(13,55,21),
(13,64,15),
(13,77,53),
(13,93,90),
(13,99,63),
(13,139,27),
(14,1,4),
(14,15,17),
(14,41,47),
(14,57,80),
(14,67,60),
(14,68,58),
(14,88,24),
(14,112,31),
(14,114,16),
(14,118,75),
(14,146,91),
(15,8,93),
(15,28,11),
(15,42,54),
(15,44,62),
(15,56,63),
(15,71,34),
(15,77,50),
(15,99,73),
(15,115,62),
(15,118,91),
(16,3,17),
(16,25,9),
(16,27,53),
(16,30,33),
(16,41,24),
(16,43,67),
(16,61,24),
(16,69,79),
(16,92,53),
(16,98,25),
(16,103,18),
(16,105,41),
(16,124,59),
(17,9,79),
(17,11,48),
(17,47,15),
(17,64,49),
(17,66,66),
(17,76,24),
(17,94,94),
(17,97,2),
(17,114,5),
(17,130,22),
(17,132,80),
(17,142,75),
(17,144,63),
(17,148,68),
(18,2,47),
(18,23,19),
(18,25,4),
(18,41,58),
(18,43,89),
(18,53,60),
(18,56,7),
(18,86,38),
(18,134,14),
(18,135,52),
(18,139,23),
(19,41,35),
(19,45,13),
(19,57,96),
(19,61,79),
(19,65,70),
(19,69,93),
(19,76,79),
(19,85,40),
(19,90,42),
(19,95,16),
(19,103,51),
(19,118,5),
(19,138,92),
(19,146,89),
(19,149,70),
(20,1,21),
(20,2,21),
(20,7,11),
(20,8,74),
(20,20,51),
(20,40,76),
(20,42,39),
(20,47,43),
(20,55,93),
(20,70,64),
(20,84,96),
(20,96,27),
(20,97,51),
(20,98,67),
(20,110,74),
(20,111,35),
(20,119,1),
(20,131,55),
(20,149,53),
(21,11,12),
(21,12,0),
(21,17,95),
(21,42,98),
(21,48,6),
(21,59,0),
(21,62,28),
(21,67,93),
(21,75,35),
(21,77,65),
(21,102,83),
(21,103,59),
(21,105,70),
(21,109,73),
(21,126,72),
(21,128,27),
(21,133,37),
(21,134,54),
(21,136,52),
(22,6,77),
(22,15,14),
(22,44,17),
(22,48,98),
(22,57,21),
(22,60,43),
(22,87,52),
(22,97,75),
(22,107,68),
(22,124,78),
(22,128,87),
(22,132,90),
(22,133,19),
(22,135,42),
(23,2,50),
(23,7,88),
(23,46,29),
(23,52,67),
(23,55,17),
(23,61,43),
(23,79,26),
(23,125,98),
(23,142,43),
(23,145,80),
(23,149,77),
(24,18,92),
(24,27,15),
(24,40,64),
(24,45,17),
(24,46,4),
(24,54,73),
(24,56,9),
(24,57,48),
(24,66,35),
(24,77,3),
(24,79,48),
(24,85,1),
(24,106,70),
(24,113,90),
(24,125,26),
(24,136,47);
